Workbook

Sheet 填写说明
A1: 校园食堂菜品备餐与供应优化——结果汇总表
A3: 一、使用说明
A4: 1 | B4: 请勿修改 Sheet 名称、表头和预置的菜品顺序；黄色单元格为主要填写区域，灰色单元格为预置信息，绿色单元格为自动计算区域。
A5: 2 | B5: Q1：填写2026年6月29日午餐、晚餐10种菜品的最终预测需求量。预测结果可保留适当小数位，具体取整规则应在论文中说明。
A6: 3 | B6: Q2：填写确定性备餐方案。生产批次数原则上应为非负整数；备餐量按附件3中的标准生产批次口径填写。资源利用和经营结果按最终方案汇总。
A7: 4 | B7: Q3：填写考虑需求不确定性后的最终备餐方案。模板不限定情景分析、随机规划、鲁棒优化、仿真或其他具体方法。
A8: 5 | B8: Q3中的“相比Q2备餐量变化”由表格自动计算；正值表示增加备餐，负值表示减少备餐。
A9: 6 | B9: Q2、Q3中的“综合经营效益”请按照参赛队伍论文中定义且前后一致的口径填写，并在论文正文中明确计算方法。
A10: 7 | B10: Q3对比表中的“自定义风险/稳健性指标”可根据所采用的方法自行命名；若不需要，可留空。
A12: 二、填写内容与单位
A13: Sheet | B13: 主要填写内容 | C13: 建议单位/格式
A14: Q1 | B14: 午餐、晚餐10种菜品的预测需求量 | C14: 份；可保留适当小数位
A15: Q2 | B15: 生产批次数、备餐量、需求估计、预计剩余/缺供、资源利用、经营结果 | C15: 批、份、人·分钟、灶·分钟、kg、元等
A16: Q3 | B16: 稳健备餐方案及与Q2的比较 | C16: 批、份，以及论文所定义的风险/稳健性指标
A18: 三、重要提示
A19: 若参赛队伍采用的模型需要报告其他重要结果，可在论文正文中补充，不必为了适配本表而改变模型。

Sheet Q1
A1: 问题1：2026年6月29日菜品需求预测结果
A3: 请填写最终采用的预测模型给出的需求预测结果；模型选择、评价指标及检验结果请在论文正文中说明。
A5: 时段 | B5: 菜品编号 | C5: 菜品名称 | D5: 预测需求量（份）
A6: 午餐 | B6: D01 | C6: 宫保鸡丁 | D6: 157
A7: 午餐 | B7: D02 | C7: 红烧肉 | D7: 108
A8: 午餐 | B8: D03 | C8: 鱼香肉丝 | D8: 152
A9: 午餐 | B9: D04 | C9: 麻婆豆腐 | D9: 146
A10: 午餐 | B10: D05 | C10: 番茄炒蛋 | D10: 174
A11: 午餐 | B11: D06 | C11: 青椒土豆丝 | D11: 138
A12: 午餐 | B12: D07 | C12: 香菇青菜 | D12: 113
A13: 午餐 | B13: D08 | C13: 水煮鸡片 | D13: 128
A14: 午餐 | B14: D09 | C14: 糖醋里脊 | D14: 111
A15: 午餐 | B15: D10 | C15: 西红柿牛腩 | D15: 98
A16: 晚餐 | B16: D01 | C16: 宫保鸡丁 | D16: 135
A17: 晚餐 | B17: D02 | C17: 红烧肉 | D17: 89
... A25: 晚餐 | B25: D10 | C25: 西红柿牛腩 | D25: 84

Sheet Q2
A1: 问题2：2026年6月29日确定性备餐优化结果
A3: 请填写最终确定性备餐方案。需求估计量可采用问题1结果或论文中说明的其他合理估计；预计剩余和预计缺供请按参赛队伍所采用的需求口径计算。
A5: 时段 | B5: 菜品编号 | C5: 菜品名称 | D5: 生产批次数（批） | E5: 备餐量（份） | F5: 需求估计量（份） | G5: 预计销量（份） | H5: 预计剩余（份） | I5: 预计缺供（份）
A6: 午餐 | B6: D01 | C6: 宫保鸡丁 | D6: 13 | E6: 156 | F6: 157 | G6: 156 | H6: 0 | I6: 1
A7: 午餐 | B7: D02 | C7: 红烧肉 | D7: 7 | E7: 105 | F7: 108 | G7: 105 | H7: 0 | I7: 3
A8: 午餐 | B8: D03 | C8: 鱼香肉丝 | D8: 13 | E8: 156 | F8: 152 | G8: 152 | H8: 4 | I8: 0
A9: 午餐 | B9: D04 | C9: 麻婆豆腐 | D9: 10 | E9: 150 | F9: 146 | G9: 146 | H9: 4 | I9: 0
A10: 午餐 | B10: D05 | C10: 番茄炒蛋 | D10: 12 | E10: 180 | F10: 174 | G10: 174 | H10: 6 | I10: 0
A11: 午餐 | B11: D06 | C11: 青椒土豆丝 | D11: 9 | E11: 135 | F11: 138 | G11: 135 | H11: 0 | I11: 3
A12: 午餐 | B12: D07 | C12: 香菇青菜 | D12: 9 | E12: 108 | F12: 113 | G12: 108 | H12: 0 | I12: 5
A13: 午餐 | B13: D08 | C13: 水煮鸡片 | D13: 11 | E13: 132 | F13: 128 | G13: 128 | H13: 4 | I13: 0
A14: 午餐 | B14: D09 | C14: 糖醋里脊 | D14: 11 | E14: 110 | F14: 111 | G14: 110 | H14: 0 | I14: 1
A15: 午餐 | B15: D10 | C15: 西红柿牛腩 | D15: 6 | E15: 90 | F15: 98 | G15: 90 | H15: 0 | I15: 8
A16: 晚餐 | B16: D01 | C16: 宫保鸡丁 | D16: 11 | E16: 132 | F16: 135 | G16: 132 | H16: 0 | I16: 3
A17: 晚餐 | B17: D02 | C17: 红烧肉 | D17: 5 | E17: 75 | F17: 89 | G17: 75 | H17: 0 | I17: 14
... A25: 晚餐 | B25: D10 | C25: 西红柿牛腩 | D25: 5 | E25: 75 | F25: 84 | G25: 75 | H25: 0 | I25: 9
A28: 主要资源利用汇总 | F28: 经营结果汇总
A29: 资源 | B29: 实际使用量 | C29: 可用量 | D29: 利用率 | F29: 指标 | G29: 结果 | H29: 单位 | I29: 说明（可选）
A30: 午餐人工 | B30: 555 | C30: 558 | D30: =IF(OR(B30="",C30="",C30=0),"",B30/C30) | F30: 综合经营效益 | G30: 14328.2 | H30: 元/自定义等价单位
A31: 午餐主灶 | B31: 617 | C31: 630 | D31: =IF(OR(B31="",C31="",C31=0),"",B31/C31) | F31: 备餐总量 | G31: 2396 | H31: 份
A32: 晚餐人工 | B32: 450 | C32: 490 | D32: =IF(OR(B32="",C32="",C32=0),"",B32/C32) | F32: 预计销量 | G32: 2373 | H32: 份
A33: 晚餐主灶 | B33: 498 | C33: 500 | D33: =IF(OR(B33="",C33="",C33=0),"",B33/C33) | F33: 预计剩余量 | G33: 23 | H33: 份
A34: 肉禽类 | B34: 117.955 | C34: 126 | D34: =IF(OR(B34="",C34="",C34=0),"",B34/C34) | F34: 预计缺供量 | G34: 77 | H34: 份
A35: 蔬菜类 | B35: 115.915 | C35: 124 | D35: =IF(OR(B35="",C35="",C35=0),"",B35/C35) | F35: 其他关键指标 | H35: 自定义
A36: 蛋豆类 | B36: 64.92 | C36: 68 | D36: =IF(OR(B36="",C36="",C36=0),"",B36/C36) | F36: 其他关键指标 | H36: 自定义

Sheet Q3
A1: 问题3：需求不确定条件下的备餐策略结果
A3: 请填写考虑需求不确定性后的最终备餐方案。模板不限定不确定需求的描述方式，也不限定具体优化或仿真方法。
A5: 时段 | B5: 菜品编号 | C5: 菜品名称 | D5: 生产批次数（批） | E5: 备餐量（份） | F5: 相比Q2备餐量变化（份）
A6: 午餐 | B6: D01 | C6: 宫保鸡丁 | D6: 13 | E6: 156 | F6: =IF(OR(E6="",'Q2'!E6=""),"",E6-'Q2'!E6)
A7: 午餐 | B7: D02 | C7: 红烧肉 | D7: 7 | E7: 105 | F7: =IF(OR(E7="",'Q2'!E7=""),"",E7-'Q2'!E7)
A8: 午餐 | B8: D03 | C8: 鱼香肉丝 | D8: 13 | E8: 156 | F8: =IF(OR(E8="",'Q2'!E8=""),"",E8-'Q2'!E8)
A9: 午餐 | B9: D04 | C9: 麻婆豆腐 | D9: 10 | E9: 150 | F9: =IF(OR(E9="",'Q2'!E9=""),"",E9-'Q2'!E9)
A10: 午餐 | B10: D05 | C10: 番茄炒蛋 | D10: 12 | E10: 180 | F10: =IF(OR(E10="",'Q2'!E10=""),"",E10-'Q2'!E10)
A11: 午餐 | B11: D06 | C11: 青椒土豆丝 | D11: 9 | E11: 135 | F11: =IF(OR(E11="",'Q2'!E11=""),"",E11-'Q2'!E11)
A12: 午餐 | B12: D07 | C12: 香菇青菜 | D12: 9 | E12: 108 | F12: =IF(OR(E12="",'Q2'!E12=""),"",E12-'Q2'!E12)
A13: 午餐 | B13: D08 | C13: 水煮鸡片 | D13: 11 | E13: 132 | F13: =IF(OR(E13="",'Q2'!E13=""),"",E13-'Q2'!E13)
A14: 午餐 | B14: D09 | C14: 糖醋里脊 | D14: 11 | E14: 110 | F14: =IF(OR(E14="",'Q2'!E14=""),"",E14-'Q2'!E14)
A15: 午餐 | B15: D10 | C15: 西红柿牛腩 | D15: 6 | E15: 90 | F15: =IF(OR(E15="",'Q2'!E15=""),"",E15-'Q2'!E15)
A16: 晚餐 | B16: D01 | C16: 宫保鸡丁 | D16: 11 | E16: 132 | F16: =IF(OR(E16="",'Q2'!E16=""),"",E16-'Q2'!E16)
A17: 晚餐 | B17: D02 | C17: 红烧肉 | D17: 5 | E17: 75 | F17: =IF(OR(E17="",'Q2'!E17=""),"",E17-'Q2'!E17)
... A25: 晚餐 | B25: D10 | C25: 西红柿牛腩 | D25: 5 | E25: 75 | F25: =IF(OR(E25="",'Q2'!E25=""),"",E25-'Q2'!E25)
A28: 问题2与问题3方案比较
A29: 指标 | B29: 问题2方案 | C29: 问题3方案 | D29: 变化量（Q3-Q2） | E29: 单位 | F29: 备注
A30: 综合经营效益 | B30: 14328.2 | C30: 13375.96 | D30: =IF(OR(B30="",C30=""),"",C30-B30) | E30: 元/自定义等价单位
A31: 菜品剩余量 | B31: 23 | C31: 77.02 | D31: =IF(OR(B31="",C31=""),"",C31-B31) | E31: 份
A32: 菜品缺供量 | B32: 77 | C32: 133.68 | D32: =IF(OR(B32="",C32=""),"",C32-B32) | E32: 份
A33: 服务水平/满足率（如采用） | B33: 96.86 | C33: 94.55 | D33: =IF(OR(B33="",C33=""),"",C33-B33) | E33: % | F33: 可选
A34: 效益标准差(元) | B34: 0 | C34: 1499.51 | D34: =IF(OR(B34="",C34=""),"",C34-B34) | E34: 元 | F34: 可选
A35: 5%分位效益VaR5%(元) | B35: 14328.2 | C35: 10624.98 | D35: =IF(OR(B35="",C35=""),"",C35-B35) | E35: 元 | F35: 可选
A38: 提示：若所采用的不确定性模型产生的是期望值、分位数、最坏情形值或其他统计量，请在论文正文及“备注”中明确口径。
